Request ID,Request Submitted Date and Time,Request Priority,Request Category,Request Status
INC_10483,4/1/2016 14:32,3-Low,Request_Category_242,Open
INC_10484,4/1/2016 14:13,3-Low,Request_Category_5,Open
INC_10485,4/1/2016 14:27,3-Low,Request_Category_3,Open
INC_10486,4/1/2016 14:54,3-Low,Request_Category_20,Open
INC_10487,4/1/2016 14:46,3-Low,Request_Category_33,Open
INC_10488,4/1/2016 15:02,3-Low,Request_Category_75,Open
INC_10489,4/1/2016 14:39,3-Low,Request_Category_66,Open
INC_10490,4/1/2016 14:54,3-Low,Request_Category_90,Open
INC_10491,4/1/2016 14:37,3-Low,Request_Category_27,Open
INC_10492,4/1/2016 16:28,3-Low,Request_Category_14,Open
INC_10493,4/1/2016 14:42,3-Low,Request_Category_27,Open
INC_10494,4/1/2016 14:56,3-Low,Request_Category_33,Open
INC_10495,4/1/2016 15:04,3-Low,Request_Category_34,Open
INC_10496,4/1/2016 15:02,3-Low,Request_Category_7,Open
INC_10497,4/1/2016 14:59,3-Low,Request_Category_12,Open
INC_10498,4/1/2016 15:13,3-Low,Request_Category_24,Open
INC_10499,4/1/2016 15:12,3-Low,Request_Category_13,Open
INC_10500,4/1/2016 15:38,3-Low,Request_Category_160,Open
INC_10501,4/1/2016 14:07,3-Low,Request_Category_243,Open
INC_10502,4/1/2016 14:05,3-Low,Request_Category_14,Open
INC_10503,4/1/2016 14:16,3-Low,Request_Category_192,Open
INC_10504,4/1/2016 14:23,3-Low,Request_Category_6,Open
INC_10505,4/1/2016 14:37,3-Low,Request_Category_118,Open
INC_10506,4/1/2016 14:24,3-Low,Request_Category_80,Open
INC_10507,4/1/2016 14:45,3-Low,Request_Category_140,Open
INC_10508,4/1/2016 14:11,3-Low,Request_Category_168,Open
INC_10509,4/1/2016 14:59,3-Low,Request_Category_8,Open
INC_10510,4/1/2016 14:10,3-Low,Request_Category_5,Open
INC_10511,4/1/2016 14:16,3-Low,Request_Category_27,Open
INC_10512,4/1/2016 14:14,3-Low,Request_Category_144,Open
